Year,Month,BAJFINANCE.NS,HDFCBANK.NS,HINDUNILVR.NS,ICICIBANK.NS,INFY.NS,ITC.NS,RELIANCE.NS,SBIN.NS,TATAMOTORS.NS,TCS.NS,RELIANCE.NS_Return,TCS.NS_Return,HDFCBANK.NS_Return,INFY.NS_Return,ICICIBANK.NS_Return,BAJFINANCE.NS_Return,HINDUNILVR.NS_Return,ITC.NS_Return,TATAMOTORS.NS_Return,SBIN.NS_Return
2015,January,393.1272277832031,498.29742431640625,798.9303588867188,298.44476318359375,412.1077880859375,183.49420166015625,191.43829345703125,280.90875244140625,575.133056640625,1025.3148193359375,,,,,,,,,,
2015,February,398.6156921386719,487.4974670410156,760.035400390625,277.3873291015625,435.9368896484375,196.01593017578125,178.9511260986328,272.68017578125,565.30419921875,1099.794921875,-0.06522815855126296,0.07264120359374182,-0.021673716837301793,0.05782249753923807,-0.07055722424949162,0.013961038482166455,-0.04868379085042218,0.06824045883921759,-0.017089710473756736,-0.029292703017050448
2015,March,398.7467041015625,473.02056884765625,748.3841552734375,261.0460510253906,426.8169250488281,162.23468017578125,172.7703399658203,242.81175231933594,540.7813720703125,1055.01611328125,-0.034538961936488866,-0.04071559861124674,-0.02969635571899565,-0.020920378192733846,-0.058911407846566344,0.0003286673492146619,-0.015329871623347091,-0.17233930920668528,-0.04337987791763798,-0.10953646841519993
2015,April,392.5206298828125,457.3410949707031,728.50830078125,273.9949645996094,373.694580078125,160.49208068847656,180.3734588623047,245.26669311523438,504.9076232910156,1017.7349853515625,0.04400708419042609,-0.03533702230740143,-0.03314755194504648,-0.1244616645992328,0.04960394353163111,-0.015614108291573947,-0.026558358233714108,-0.010741226755072275,-0.06633687961913115,0.010110469416940715
2015,May,409.2384033203125,485.90179443359375,736.3902587890625,262.49407958984375,389.2599182128906,162.85699462890625,185.74888610839844,256.0969543457031,478.4825744628906,1078.2938232421875,0.029801653081328983,0.059503543419710425,0.06244944916817552,0.04165256593101119,-0.041974804269019894,0.04259081476173909,0.010819311186104352,0.014735393361994698,-0.052336402956020156,0.044157080983598274
2015,June,528.3107299804688,493.5796813964844,793.6318969726562,259.2230529785156,384.5270080566406,160.04649353027344,211.82151794433594,241.9179229736328,431.294921875,1063.5732421875,0.14036494313469072,-0.013651734561945239,0.015801314279648926,-0.012158740046956273,-0.012461334809681146,0.290960783968649,0.07773274768425553,-0.017257478593639464,-0.09861937530506726,-0.05536587269573756
2015,July,536.7494506835938,518.0264892578125,797.9173583984375,254.50987243652344,420.73944091796875,165.5565643310547,212.1921844482422,248.63909912109375,381.32574462890625,1049.0626220703125,0.001749900140002092,-0.013643273017420854,0.04952960744283641,0.09417396464384131,-0.01818194982212029,0.01597302538874601,0.0053998099649577025,0.03442793827744195,-0.11585848734053972,0.027782878030882863
2015,August,489.01824951171875,478.78936767578125,745.3231201171875,233.88986206054688,427.51702880859375,165.12490844726562,181.27992248535156,227.73890686035156,337.9131164550781,1071.3326416015625,-0.14568049263110694,0.021228493955203875,-0.07574346562517897,0.016108753379140417,-0.08101850894259255,-0.08892640898110926,-0.06591439292261547,-0.0026073015318552883,-0.11384657024947498,-0.08405834936911205
2015,September,499.73614501953125,498.0585021972656,705.3687744140625,227.53555297851562,453.9046630859375,166.97854614257812,182.63543701171875,218.3476104736328,296.6363525390625,1081.3603515625,0.007477466383386755,0.009360034009555429,0.04024553555778354,0.06172300165652089,-0.027167954292889873,0.021917168773382567,-0.05360674400767673,0.011225669783820003,-0.12215200270718973,-0.041237118927937244
2015,October,508.60845947265625,512.4111938476562,698.94921875,233.13238525390625,447.63201904296875,169.94940185546875,200.7231903076172,218.2555389404297,382.4184875488281,1044.836669921875,0.09903747920912975,-0.03377568040833978,0.028817280675003776,-0.013819298529174073,0.024597616513666765,0.01775399786777121,-0.009100992129110197,0.017791840817406035,0.28918281348699293,-0.00042167410489812873
2015,November,539.6419677734375,502.2291564941406,708.8574829101562,230.22877502441406,428.88616943359375,175.78958129882812,204.83209228515625,228.93585205078125,420.7149658203125,993.8971557617188,0.020470489589379248,-0.04875356658755581,-0.019870833181959813,-0.041877812157971595,-0.012454769963983536,0.06101650045883611,0.014175942821534449,0.034364224761003204,0.10014285270817247,0.04893490063162442
2015,December,585.3132934570312,504.2795104980469,753.1608276367188,219.96083068847656,435.7853088378906,166.47068786621094,214.89263916015625,206.654541015625,388.7267150878906,1020.403076171875,0.04911606752028996,0.02666867518082605,0.004082506914212081,0.016086178328875045,-0.044598874901057295,0.08463264240183843,0.06249965020426784,-0.05301163677485421,-0.07603307068017173,-0.09732556450011132
2016,January,577.3712158203125,489.2278137207031,713.1351318359375,193.70187377929688,459.24224853515625,162.61106872558594,219.29808044433594,165.6366729736328,334.6844787597656,1003.7509155273438,0.02050066163921227,-0.01631919878858379,-0.02984792454184404,0.053826825323272764,-0.11938014976116085,-0.013568934322011561,-0.05314362395396288,-0.02318497742813974,-0.1390237260022279,-0.1984852006658342
2016,February,577.7265625,452.87994384765625,724.9202880859375,159.952392578125,427.3684387207031,150.14356994628906,204.73678588867188,146.16354370117188,297.7291564941406,913.7142333984375,-0.06639955318423374,-0.08970022416527845,-0.07429640926711012,-0.06940522113573155,-0.17423414932798165,0.0006154561743827447,0.01652583882616976,-0.07667066502303344,-0.11041839287728461,-0.11756532489372573
2016,March,676.2280883789062,499.153564453125,759.0536499023438,199.17250061035156,480.2941589355469,166.69920349121094,226.41546630859375,178.8489227294922,384.0576171875,1057.8988037109375,0.10588561467263591,0.1578005081262932,0.1021763521085286,0.12384096582628579,0.24519863316874368,0.17049852347563865,0.04708567600795277,0.1102653516953429,0.28995635398932906,0.2236219661938743
2016,April,666.9452514648438,527.6726684570312,757.656982421875,199.42498779296875,476.2729797363281,165.02333068847656,212.87644958496094,174.01516723632812,405.66461181640625,1064.279296875,-0.059797225624064754,0.006031288760022013,0.0571349300793873,-0.008372325843251316,0.0012676809391027888,-0.013727375531406683,-0.0018400115468102385,-0.010053274206692553,0.05625977369525148,-0.02702703163873732
2016,May,741.1392822265625,550.7628173828125,740.4593505859375,205.9055633544922,492.25927734375,181.56263732910156,207.4933319091797,188.70059204101562,456.6272277832031,1078.5087890625,-0.02528752093656461,0.013370073278021533,0.04375847055580717,0.03356540951844922,0.03249630667271841,0.11124455957781065,-0.02269844036936708,0.10022405057286798,0.12562746289011106,0.08439163687808526
2016,June,780.9757080078125,552.7227783203125,793.0711669921875,206.62147521972656,466.94256591796875,190.5360107421875,209.94117736816406,204.0985107421875,456.2298889160156,1082.7843017578125,0.011797224693735231,0.003964281736664299,0.003558629732510976,-0.05142962782213312,0.003476894230399319,0.053750255500655264,0.0710529435067806,0.0494230175607151,-0.0008701602598610858,0.08159973710005652
2016,July,1013.8439331054688,585.4928588867188,814.2537841796875,225.81910705566406,428.2765808105469,195.8502197265625,219.8517303466797,213.9862518310547,500.09332275390625,1113.738525390625,0.047206332281998886,0.028587617665458254,0.059288456802870204,-0.0828067259865416,0.09291208387473882,0.29817601586056863,0.02670960447072801,0.027890837871931806,0.0961432709770691,0.048445924729735745
2016,August,1076.2471923828125,606.6348266601562,809.3995361328125,221.6102294921875,413.1213073730469,201.74630737304688,229.62149047851562,235.53414916992188,534.3803100585938,1067.81689453125,0.04443794968741077,-0.04123196765889803,0.036109693658156194,-0.035386649927991565,-0.018638270332187123,0.06155114928409011,-0.0059615910189049215,0.03010508568597081,0.06856117797349581,0.10069757825320269
2016,September,1032.0579833984375,598.013671875,765.9749755859375,216.58534240722656,413.2010192871094,187.23887634277344,234.75547790527344,234.36813354492188,531.5478515625,1033.5877685546875,0.022358479670430365,-0.03205523920052644,-0.01421144056733481,0.00019295038198197112,-0.022674436538761333,-0.04105860558533958,-0.053650340293436405,-0.07190927665133373,-0.005300454456832804,-0.004950516216477796
2016,October,1048.3321533203125,591.5300903320312,738.3050537109375,237.80149841308594,402.0929870605469,188.59652709960938,228.52755737304688,240.66461181640625,533.6846313476562,1022.6755981445312,-0.02652939385184272,-0.01055756534872232,-0.01084186172974988,-0.026882877118084236,0.09795748765846057,0.015768658528551027,-0.036123793540165816,0.007250902074153132,0.004019919897851443,0.02686576104117644
2016,November,899.03125,563.5990600585938,751.2109375,228.09532165527344,393.2449035644531,180.37307739257812,214.4686279296875,240.99107360839844,456.4643249511719,970.3843994140625,-0.0615196241756073,-0.0511317555883235,-0.047218274657438886,-0.022005067934103062,-0.040816297721353534,-0.14241755616046092,0.017480421844864535,-0.04360339945543079,-0.1446927677146862,0.0013565010224321217
2016,December,823.183349609375,566.699951171875,735.5013427734375,219.29103088378906,407.3736267089844,187.47161865234375,234.47384643554688,233.38868713378906,469.0859069824219,1008.5418701171875,0.09327806448418174,0.039322015817819356,0.005501945146890286,0.035928560081683436,-0.03859917295800808,-0.08436625577878964,-0.02091236155166143,0.039354771578886005,0.02765075240567838,-0.031546340537753625
2017,January,1013.4871826171875,604.4971313476562,761.3577270507812,231.01577758789062,374.31939697265625,200.23350524902344,226.41546630859375,242.85670471191406,520.3176879882812,953.3775024414062,-0.034367927380626884,-0.05469715171009348,0.06669698858738338,-0.08113983716462103,0.05346660397759262,0.23118037202540287,0.03515477508150311,0.06807369930669838,0.10921620164508417,0.04056759431830348
2017,February,1083.1771240234375,653.1002807617188,770.7031860351562,237.37203979492188,408.0992431640625,203.4142608642578,268.19134521484375,251.112060546875,453.9300842285156,1054.474365234375,0.18450982871157495,0.1060407472738556,0.0804026138316114,0.09024337628400758,0.027514407342212666,0.06876252862545895,0.012274727966019139,0.015885231651309173,-0.12759051881638284,0.03399270300053581
2017,March,1144.6568603515625,677.7425537109375,811.512451171875,237.80149841308594,412.06982421875,217.4562225341797,286.1387023925781,273.6860046386719,462.973876953125,1039.744873046875,0.06691997149780149,-0.013968563554625724,0.03773122394079853,0.009729449689499292,0.0018092215853859894,0.056758710061896256,0.05295068954711346,0.06903135311290853,0.01992331647279988,0.08989589764280947
2017,April,1247.3837890625,726.58056640625,832.1619262695312,239.2187957763672,370.4294738769531,215.67189025878906,302.2338562011719,270.28125,456.0668029785156,971.9122314453125,0.05624948206590874,-0.06523969808361285,0.07205982924917875,-0.10105168564755618,0.005960001819749872,0.08974473684575357,0.025445666382366783,-0.008205478116912301,-0.01491892808308215,-0.012440368089581044
2017,May,1296.9879150390625,768.7235717773438,949.6945190429688,280.4056396484375,393.8496398925781,241.89385986328125,290.42779541015625,271.3607177734375,473.2102966308594,1088.82861328125,-0.03906266802603786,0.12029520573279884,0.058001833959773874,0.06322435893263867,0.1721722732463451,0.039766530887693774,0.1412376474616186,0.12158269477319417,0.03758987398420954,0.0039938685108105165
2017,June,1342.0958251953125,781.3277587890625,969.539306640625,276.3027648925781,382.9013977050781,254.87991333007812,298.9411926269531,257.5715026855469,429.87945556640625,1021.34326171875,0.029313300418693844,-0.061979774171372015,0.016396254095053964,-0.0277980251308243,-0.014631926665253259,0.03477897491041104,0.020895969387771496,0.05368492393373114,-0.0915678322575777,-0.05081507449211353
2017,July,1668.940673828125,843.9219970703125,1037.9261474609375,288.15863037109375,413.8634033203125,224.6392364501953,355.4986267089844,294.13885498046875,441.8550720214844,1080.345458984375,0.18919250834932244,0.05776921381586653,0.08011265128767642,0.08086156331840355,0.04290896431356739,0.243533168419809,0.07053539794819397,-0.118646763822146,0.027858080445596345,0.14196971292885885
2017,August,1746.16015625,840.1619873046875,1095.401611328125,283.82568359375,374.47021484375,222.27676391601562,350.942626953125,261.43060302734375,374.2252197265625,1082.3187255859375,-0.012815801281811923,0.0018265144590117188,-0.004455399644372249,-0.09518403454019309,-0.01503667189063096,0.046268560430463346,0.0553752923633235,-0.010516740403466729,-0.15305890229010088,-0.11120003834684433
2017,September,1801.183837890625,853.9956665039062,1054.225830078125,263.3994140625,368.31060791015625,203.41567993164062,343.7454833984375,238.9348907470703,399.02117919921875,1056.1312255859375,-0.020508034652766183,-0.02419573770732164,0.01646549047475765,-0.01644885678334629,-0.07196765730506216,0.031511245657324105,-0.03758966649690809,-0.08485405155305126,0.06625945597887295,-0.08604850396156771
2017,October,1764.4849853515625,855.3199462890625,1111.2967529296875,285.7778625488281,382.56201171875,209.24331665039062,414.15411376953125,287.8325500488281,425.755126953125,1140.7593994140625,0.20482779780842297,0.08013035859362416,0.001550686774064891,0.038693981391027865,0.084960130097397,-0.020374851121271798,0.05413538657778205,0.028648906125174012,0.06699881897887638,0.20464846782682522
2017,November,1692.410400390625,876.6968994140625,1150.1646728515625,292.8723449707031,405.07550048828125,201.6437530517578,405.6584167480469,301.5276184082031,401.6548156738281,1146.4110107421875,-0.020513371083432208,0.004954253570935263,0.024992931847020783,0.05884925340177949,0.024825164407767275,-0.04084737788039439,0.034975284341836055,-0.03631926562954635,-0.056606038902616174,0.04757998481079273
2017,December,1721.4654541015625,885.541015625,1236.396728515625,299.0144958496094,432.4443054199219,207.3138885498047,405.4382629394531,291.6916198730469,429.1838073730469,1174.3209228515625,-0.0005427073604403754,0.02434546759220857,0.01008799759283785,0.06756470065123676,0.020972109468105238,0.01716785343804994,0.07497366046747933,0.02811956935056381,0.06853893100481145,-0.03262055591153323
2018,January,1644.1968994140625,948.58447265625,1237.752197265625,336.1056213378906,477.34649658203125,213.73216247558594,423.1559753417969,294.84478759765625,397.0335388183594,1356.273193359375,0.04370014875727124,0.15494254336028024,0.07119202376725031,0.10383346618128653,0.12404457309968131,-0.04488533563273078,0.0010963056749813127,0.03095920862166124,-0.07491025523882933,0.010809935938446591
2018,February,1607.3511962890625,891.121826171875,1191.111328125,298.3003234863281,486.6216735839844,208.73143005371094,420.1847229003906,252.2534942626953,367.61627197265625,1322.587890625,-0.0070216483153907605,-0.024836664839581024,-0.060577258157585745,0.019430700902523856,-0.11248040928644998,-0.02240954422072594,-0.037681911810507396,-0.02339719190576295,-0.07409264953599137,-0.14445326872483433
2018,March,1732.0977783203125,892.0203247070312,1205.2119140625,265.0658874511719,469.6899108886719,201.21063232421875,388.55694580078125,235.2169647216797,324.83209228515625,1241.577880859375,-0.07527112571179106,-0.061251135247686994,0.0010082780028137783,-0.03479451001557232,-0.11141267178907188,0.07761003464535698,0.011838176335453587,-0.03603097879201489,-0.1163827146658033,-0.06753733814792628
2018,April,1869.436767578125,919.5458374023438,1363.8912353515625,270.63671875,497.78521728515625,221.64671325683594,424.0364074707031,231.92259216308594,338.29840087890625,1539.1884765625,0.09131084144385038,0.23970352588524668,0.030857494984043887,0.05981671256963339,0.021016779459613888,0.07929055217136516,0.13166092986435052,0.10156561160092026,0.04145621357488438,-0.014005675834189102
2018,May,2067.5810546875,1018.3035278320312,1456.5858154296875,272.16033935546875,511.189453125,218.01405334472656,405.5703430175781,253.71240234375,280.7558898925781,1530.0260009765625,-0.043548299456812156,-0.0059527963764387515,0.10739833340844807,0.02692774990978708,0.0056297630731925175,0.10599143578740722,0.06796332264297567,-0.016389414752566056,-0.17009394911956865,0.09395294342580329
2018,June,2250.291748046875,1003.5485229492188,1494.624755859375,262.2566833496094,551.3460693359375,213.64012145996094,430.92559814453125,244.11172485351562,267.6373596191406,1623.79345703125,0.06251752763355811,0.06128487750851219,-0.014489790597333907,0.07855525180625755,-0.03638904929834097,0.08836930138489318,0.02611513858417336,-0.020062614394171674,-0.04672575267595225,-0.0378407890254675
2018,July,2648.33154296875,1037.365966796875,1577.044677734375,291.3741760253906,575.7669677734375,238.92063903808594,525.556884765625,276.25518798828125,262.469482421875,1708.473388671875,0.21960005863785947,0.05214944750143502,0.033697866196119586,0.04429323032431065,0.11102669454934455,0.17688363976242227,0.055144223693532,0.11833225615752574,-0.019309251909448433,0.13167521205322674
2018,August,2804.115966796875,981.0594482421875,1621.1688232421875,329.56719970703125,607.8219604492188,256.6971435546875,550.21728515625,291.40924072265625,265.8484802246094,1830.16796875,0.046922419067200405,0.07123001205932011,-0.054278355331578765,0.05567355279123065,0.13107895903002897,0.05882361075286391,0.027979007906866915,0.07440338594510387,0.012873869264935056,0.054855269306355314
2018,September,2128.16748046875,954.8098754882812,1464.798828125,293.9266662597656,615.8357543945312,238.9607696533203,557.4403076171875,249.900390625,222.3188934326172,1922.89111328125,0.01312758187683305,0.05066373475795216,-0.026756352839717223,0.01318444292369736,-0.10814344837395307,-0.2410558244851253,-0.09645509639425587,-0.06909455109534002,-0.1637383322831676,-0.14244177705113192
2018,October,2338.775634765625,909.9263305664062,1485.340087890625,341.49554443359375,585.3201293945312,224.79566955566406,470.27587890625,264.8661804199219,177.9942626953125,1710.2633056640625,-0.1563654933449774,-0.11057714404553898,-0.04700783483091009,-0.04955156432903429,0.16183927364993766,0.09896220867470751,0.014023263380076978,-0.05927793134499315,-0.19937410650498344,0.05988702041438376
2018,November,2491.07470703125,1013.0679321289062,1606.5159912109375,341.6398620605469,569.1605224609375,229.37022399902344,517.381103515625,267.9252014160156,170.88839721679688,1736.8243408203125,0.10016508760545095,0.015530377730893719,0.11335159572566389,-0.027608151714019535,0.0004226047141917544,0.06511914610436209,0.08158125153169338,0.020349833483899182,-0.03992187933989377,0.011549307621093519
2018,December,2596.55029296875,1009.855224609375,1666.645751953125,346.4495849609375,561.912353515625,226.0395965576172,496.86395263671875,278.5141906738281,171.63377380371094,1670.466064453125,-0.039655779346194464,-0.038206671110934676,-0.0031712656354445645,-0.012734841330830249,0.014078342238465824,0.04234139812820037,0.03742867240111547,-0.014520748959204188,0.004361774111371952,0.03952218455691536
2019,January,2527.54248046875,989.9837036132812,1614.9881591796875,350.5860595703125,642.68408203125,223.6319580078125,543.7918701171875,276.3963928222656,180.08128356933594,1781.0927734375,0.09444822316337365,0.06622505619148389,-0.01967759388855006,0.14374435445363276,0.011939614849997282,-0.026576728626003354,-0.030994944614295195,-0.010651401729922072,0.04921822540175569,-0.007603913633408621
2019,February,2600.329833984375,988.8413696289062,1586.9610595703125,336.83001708984375,629.6083374023438,221.5452880859375,545.5200805664062,253.2417755126953,176.3544464111328,1753.9884033203125,0.003178073347890109,-0.015217831727471598,-0.001153891705697463,-0.020345524332234022,-0.03923727742434635,0.028797677616926087,-0.017354368482559668,-0.009330821678903756,-0.020695305388403695,-0.08377322537801601
2019,March,2940.807373046875,1096.0523681640625,1542.3101806640625,385.312744140625,632.6093139648438,240.76651000976562,602.6621704101562,300.2569580078125,169.49703979492188,1768.8887939453125,0.1047479128255373,0.008495147742592524,0.10842082646217621,0.004766418079661161,0.14393826141050048,0.1309362891632868,-0.028136089815801624,0.08675978663275474,-0.03888422864158669,0.1856533441211805
2019,April,3039.06787109375,1103.025390625,1609.9046630859375,391.9983825683594,644.2274780273438,241.8499755859375,617.1969604492188,291.73870849609375,212.9769287109375,1998.8548583984375,0.0241176412801396,0.13000594793763764,0.006361942789848252,0.018365464760048855,0.017351199848438803,0.033412762409212204,0.04382677574803484,0.0045000676220623426,0.2565229986825899,-0.028369865492000046
2019,May,3403.39892578125,1154.3822021484375,1638.115234375,407.5821533203125,632.5664672851562,227.83428955078125,589.4345703125,331.78863525390625,171.53439331054688,1942.4351806640625,-0.04498141098509667,-0.028226000250753946,0.046559954068090326,-0.018100765862850365,0.03975468125620529,0.11988250020766356,0.017523131608915943,-0.05795198449451988,-0.19458697076357234,0.13728012633040354
2019,June,3613.46728515625,1170.3692626953125,1649.1239013671875,420.472412109375,636.5023803710938,223.99002075195312,555.2911987304688,340.0245056152344,161.5464324951172,1985.4776611328125,-0.05792563467040879,0.022159030528903,0.01384901856345433,0.006222133624675941,0.031626160969153716,0.06172310797412006,0.006720325140244343,-0.016873091431530485,-0.05822716146112705,0.024822641544143043
2019,July,3197.895751953125,1078.367919921875,1592.8955078125,410.4432678222656,690.1094360351562,221.00457763671875,516.8050537109375,312.681396484375,134.76283264160156,1970.90380859375,-0.06930804073163765,-0.0073402248861099695,-0.0786088166409652,0.08422129644324117,-0.023852086363517544,-0.11500630845898341,-0.03409591814664259,-0.013328464836120824,-0.1657950561942937,-0.0804151132618669
2019,August,3277.005859375,1069.39208984375,1736.119140625,395.9916687011719,708.5870971679688,200.9243927001953,556.595947265625,257.759765625,115.97950744628906,2019.06640625,0.07699401015715224,0.024436807847367348,-0.008323532175155246,0.026774972443459166,-0.03520973604408517,0.024738175837520027,0.08991401639972407,-0.09085868334153102,-0.13938060537259778,-0.1756472610039641
2019,September,3978.673583984375,1178.3255615234375,1828.4188232421875,419.2398681640625,700.5438842773438,212.5390167236328,593.9088745117188,254.8889617919922,116.7248764038086,1875.830322265625,0.06703772715090728,-0.07094173997496522,0.10186485641164955,-0.011351057509756513,0.05870880955436086,0.21411854440296874,0.05316437130228269,0.057805943157772655,0.006426729807114562,-0.011137517238374528
2019,October,3960.4814453125,1181.1097412109375,2017.2681884765625,447.61126708984375,610.0154418945312,210.73956298828125,652.7982177734375,294.04473876953125,176.6029052734375,2068.4775390625,0.09915551996109584,0.10269970290500252,0.0023628272002351736,-0.1292259406078442,0.06767342774442087,-0.004572412963231076,0.10328561642102518,-0.00846646306683263,0.5129842987580595,0.15361895902535405
2019,November,4006.354736328125,1223.924560546875,1887.3953857421875,495.5091552734375,619.5802612304688,201.53785705566406,691.4932250976562,321.764404296875,160.50291442871094,1871.2586669921875,0.059275601971156666,-0.0953449425221694,0.03624965389925694,0.015679634774870443,0.10700778042296188,0.01158275619998661,-0.06438053377149355,-0.043663874984541384,-0.0911649263062726,0.09427023126936507
2019,December,4164.23046875,1221.188720703125,1783.2559814453125,520.9323120117188,650.5438232421875,194.42184448242188,674.9542236328125,314.1402893066406,184.0069122314453,1970.09619140625,-0.023917806949602438,0.05281873968441331,-0.0022353010405540275,0.049975062068998044,0.05130713825913458,0.039406328898017096,-0.05517625246070201,-0.0353085652353482,0.14643969479553554,-0.023694712306337018
2020,January,4293.19677734375,1177.2218017578125,1886.421630859375,508.1241455078125,690.40478515625,192.33615112304688,629.3049926757812,299.7392883300781,175.5096893310547,1899.0748291015625,-0.06763307696829124,-0.036049692707640135,-0.03600337785628882,0.06127329242079793,-0.024587007195702837,0.0309700218471487,0.057852406209481844,-0.010727669850717714,-0.04617882446558719,-0.04584257883109444
2020,February,4391.4833984375,1130.5186767578125,2016.71142578125,480.6709899902344,651.0330810546875,161.58200073242188,592.3041381835938,285.197021484375,128.15386962890625,1827.004638671875,-0.058796378421949624,-0.0379501583219779,-0.03967232422153877,-0.05702698612184742,-0.0540284411994274,0.02289357469297304,0.06906716546847513,-0.15989791940335785,-0.2698188338355705,-0.048516385445237065
2020,March,2183.909423828125,827.4055786132812,2131.468994140625,312.9557189941406,570.7772827148438,140.43850708007812,496.50299072265625,185.28396606445312,70.61134338378906,1680.208740234375,-0.1617431675468769,-0.08034785206906314,-0.26811861172769125,-0.12327453193288984,-0.34891906207924295,-0.5026943686943768,0.05690331640528057,-0.13085302543912147,-0.44901122698629736,-0.3503299399828963
2020,April,2284.7373046875,961.70654296875,2035.489990234375,367.47528076171875,636.6190795898438,148.90411376953125,653.5338134765625,179.30706787109375,92.67427825927734,1853.510986328125,0.3162736694200958,0.10314328329798816,0.16231575883323757,0.11535462056553869,0.17420854919286155,0.046168526844229785,-0.0450295097747585,0.0602798111818863,0.31245595704887097,-0.0322580432636046
2020,May,1925.5325927734375,913.5635986328125,1907.843017578125,320.8823547363281,623.1891479492188,161.41842651367188,659.0087280273438,151.8227081298828,86.46287536621094,1814.7745361328125,0.008377400584151484,-0.020898959046393828,-0.050059911402206114,-0.021095710246820665,-0.12679200061786677,-0.15721926156547505,-0.06271068551978098,0.08404276031963676,-0.06702402230410254,-0.1532809613560231
2020,June,2790.255615234375,1023.193115234375,2035.3765869140625,339.7322082519531,663.7280883789062,159.2100067138672,766.8783569335938,167.9650421142578,97.64341735839844,1921.433837890625,0.16368467414558174,0.0587727564136411,0.12000206309186123,0.06505078043013501,0.058743814477159706,0.4490825165495824,0.06684699325934718,-0.013681336434150149,0.12931031896444156,0.10632358086094329
2020,July,3204.50634765625,991.4659423828125,2072.115478515625,335.2372131347656,871.2022705078125,166.96632385253906,937.8372802734375,180.20123291015625,104.00390625,2110.027099609375,0.22292834553765828,0.09815235789007959,-0.03100800071772869,0.3125891246152359,-0.013230994907182603,0.14846336305538754,0.01805016911256918,0.04871752284146025,0.06513996604866357,0.0728496277670374
2020,August,3437.60302734375,1071.1920166015625,1985.3360595703125,381.4435119628906,837.4725341796875,164.34339904785156,944.0076904296875,199.54379272460938,142.31588745117188,2087.69091796875,0.006579403790016647,-0.010585732119156255,0.0804123175700242,-0.03871630902484258,0.1378316517908471,0.0727402770969654,-0.04187962487856978,-0.015709304392447443,0.3683705985915493,0.10733866523597446
2020,September,3231.413818359375,1035.432861328125,1939.29736328125,342.9221496582031,909.30615234375,147.65965270996094,1013.7183227539062,174.5067138671875,132.47702026367188,2305.0849609375,0.07384540722596045,0.10413133529376406,-0.03338258194537902,0.08577429734388153,-0.10098837992146825,-0.059980517629372176,-0.023189371928814206,-0.10151759325017273,-0.06913400438777917,-0.1254715995700031
2020,October,3261.376220703125,1136.1826171875,1954.7296142578125,379.5101623535156,966.794189453125,142.1127471923828,932.1207885742188,178.1304931640625,131.83102416992188,2475.181640625,-0.08049330109572894,0.07379193503493253,0.09730206527359542,0.06322187193081086,0.10669480735432368,0.009272226965645114,0.007957650677383299,-0.03756547855678338,-0.004876287921212752,0.02076584457164765
2020,November,4838.1513671875,1383.1851806640625,2017.8643798828125,457.56787109375,1002.7094116210938,166.5363311767578,875.5447387695312,229.89894104003906,179.23654174804688,2488.92822265625,-0.060696049801900465,0.005553766966281737,0.21739688650402988,0.03714877743347267,0.20568015427087105,0.48346925953376685,0.032298464792518855,0.17186061396246166,0.3595930311291693,0.290620920407471
2020,December,5218.990234375,1378.8172607421875,2260.58935546875,517.2106323242188,1144.7296142578125,179.7371368408203,900.7249145507812,258.7951354980469,182.71493530273438,2658.99609375,0.02875943931390368,0.06832976119827561,-0.0031578706762733777,0.14163645118989443,0.1303473539081783,0.0787157817695332,0.12028805206424908,0.07926682166458598,0.01940672097756213,0.12569085497864596
2021,January,4666.40869140625,1334.85009765625,2136.489990234375,519.0956420898438,1129.46142578125,174.79220581054688,835.6874389648438,265.5250549316406,261.0781555175781,2895.4013671875,-0.0722057029124965,0.088907717462682,-0.031887592604019854,-0.013337812079284417,0.0036445688619242134,-0.10587901455135107,-0.05489690771751954,-0.02751201625434141,0.42888240134834255,0.026004814273816068
2021,February,5189.12646484375,1472.9912109375,2012.0604248046875,577.8201904296875,1142.4508056640625,179.46340942382812,946.321533203125,367.2264709472656,320.9561462402344,2693.416259765625,0.13238692970582688,-0.06976065899218553,0.10348810965650768,0.011500507752026712,0.11312857126563935,0.11201714380485939,-0.058240181792771906,0.026724324414924228,0.22934891126356494,0.3830200356866813
2021,March,5075.73193359375,1433.8721923828125,2294.657470703125,562.6919555664062,1247.051513671875,192.36083984375,908.8007202148438,342.8952941894531,299.93670654296875,2957.2861328125,-0.03964911678727223,0.09796847111550311,-0.02655753697932106,0.09155817256132281,-0.02618156152008355,-0.02185233526649355,0.1404515701489777,0.07186662986805725,-0.06549006754814612,-0.06625659826496144
2021,April,5373.4345703125,1355.7777099609375,2221.283447265625,580.478515625,1234.5633544921875,178.3629608154297,904.8989868164062,332.7298583984375,292.0357971191406,2824.955810546875,-0.004293277185690503,-0.04474721630665257,-0.05446404696090623,-0.010014148607956685,0.03160976424603357,0.058652159060726516,-0.031976024471755626,-0.07276886002208371,-0.026341922317188127,-0.029645888885833194
2021,May,5546.951171875,1455.1834716796875,2208.3544921875,640.6529541015625,1284.1883544921875,190.68812561035156,980.1218872070312,399.41705322265625,316.7820739746094,2954.264404296875,0.08312850548686357,0.04577366954457518,0.07332010327977301,0.04019639803775976,0.10366350667048008,0.03229156311331227,-0.005820488643194288,0.06910159339458355,0.0847371353087003,0.20042443784639885
2021,June,5929.26904296875,1444.1754150390625,2349.0927734375,609.8649291992188,1456.5341796875,183.4139404296875,960.9342651367188,398.2125244140625,337.50335693359375,3128.7626953125,-0.019576771339113508,0.0590665787266107,-0.007564720775668721,0.13420603340034498,-0.04805725893439483,0.06892396548075563,0.06372993183290543,-0.03814702754763022,0.0654117914533423,-0.0030157170277912426
2021,July,6148.3828125,1375.2880859375,2217.9169921875,661.67626953125,1483.899658203125,185.4498748779297,926.6290283203125,410.18170166015625,292.13519287109375,2968.490234375,-0.03569987881691927,-0.051225508785827545,-0.04770011203915914,0.01878807850667563,0.08495543496830016,0.036954600633460455,-0.05584103903144122,0.011100216501933158,-0.13442285278195476,0.030057259659789448
2021,August,7428.18896484375,1524.6805419921875,2589.3916015625,697.111083984375,1572.3070068359375,191.19570922851562,1028.087890625,404.71954345703125,285.5262451171875,3548.60888671875,0.10949242814959148,0.195425487888085,0.10862629988745254,0.05957771345527929,0.05355309852388701,0.20815329678917083,0.1674880577963469,0.030983220422057922,-0.022622908554610466,-0.01331643557237594
2021,September,7569.951171875,1537.7445068359375,2568.1943359375,679.4663696289062,1543.513671875,213.68130493164062,1146.9610595703125,430.3202819824219,331.29193115234375,3538.393310546875,0.11562549275144818,-0.002878755168006397,0.008568329223038518,-0.018312794407041588,-0.025311194673048987,0.019084356591113183,-0.008186195402892782,0.11760512719587446,0.16028539168570233,0.06325550356850673
2021,October,7305.48046875,1526.0784912109375,2288.78662109375,777.5786743164062,1550.267578125,201.9634552001953,1154.700927734375,477.0095520019531,480.7137145996094,3190.434326171875,0.006748152519634898,-0.09833813085103904,-0.007586445975348632,0.004375669858366571,0.14439611594181545,-0.03493691004343602,-0.10879539407665362,-0.05483797347266295,0.451027536129621,0.10849888321424372
2021,November,6907.6875,1439.9814453125,2216.48388671875,692.554443359375,1592.0047607421875,200.10848999023438,1095.1275634765625,437.4922790527344,455.7686462402344,3313.817138671875,-0.051592029439779474,0.03867273226339818,-0.056417180632773234,0.0269225669207811,-0.10934485958193063,-0.054451308226967865,-0.03158998471445473,-0.009184657729895851,-0.05189173431457428,-0.08284377699224132
2021,December,6887.99267578125,1426.3389892578125,2257.225830078125,717.5673217773438,1754.77001953125,197.303466796875,1078.1685791015625,437.3973083496094,479.4217224121094,3510.252685546875,-0.015485852918506127,0.059277726758854454,-0.009474049890779601,0.10223917842631436,0.036116840571607245,-0.0028511458022312253,0.018381339744223846,-0.014017512168005841,0.05189711132390529,-0.00021707972385398566
2022,January,6910.64892578125,1432.4129638671875,2174.593994140625,764.7330322265625,1613.8958740234375,199.2489013671875,1086.5684814453125,511.3497009277344,514.553466796875,3514.4453125,0.007790898850669192,0.0011943946287364948,0.004258436917955688,-0.08028068860296811,0.0657300144777968,0.0032892383988243346,-0.03660769553334409,0.009860113468332266,0.07327941714448749,0.16907372580129199
2022,February,6912.67236328125,1375.09521484375,2077.376953125,720.0394897460938,1594.7469482421875,199.8259735107422,1074.2530517578125,459.00830078125,451.2467346191406,3343.202392578125,-0.01133424160354668,-0.04872544731676631,-0.040014821472079354,-0.011865031746758126,-0.058443326752005254,0.0002927999268564907,-0.04470583533182437,0.002896237517973743,-0.12303236935089068,-0.10235930528857673
2022,March,7167.02587890625,1417.613525390625,1959.3101806640625,708.0178833007812,1772.5245361328125,232.04251098632812,1199.5458984375,468.8401184082031,431.07208251953125,3517.925537109375,0.11663252571139493,0.05226220970621864,0.030920266529838925,0.11147698892703994,-0.016695759908323393,0.03679525113559201,-0.056834544295550016,0.16122297271757846,-0.04470869382941267,0.02141969461166382
2022,April,6586.40283203125,1334.9390869140625,2137.390380859375,720.6212768554688,1457.126220703125,240.2817840576172,1270.341796875,471.4524230957031,434.8983154296875,3336.14794921875,0.059018915849503584,-0.05167181225785378,-0.05831944813998691,-0.17793734811581485,0.017800953693331012,-0.08101310874066614,0.09088923333974419,0.03550760175912138,0.00887608607774526,0.00557184546486611
2022,May,6004.30029296875,1354.703125,2250.626953125,729.8797607421875,1412.4830322265625,256.43499755859375,1198.5897216796875,451.6037902832031,440.8115539550781,3185.94091796875,-0.056482495791148724,-0.045024091717867365,0.014805198439147738,-0.030637832085006478,0.012847919127672025,-0.08837943167271767,0.052978891118662386,0.06722612604334244,0.013596830145336858,-0.04210103043307678
2022,June,5350.7880859375,1314.762939453125,2152.160888671875,685.6226806640625,1373.31005859375,259.13531494140625,1181.7445068359375,449.4812927246094,409.257568359375,3093.847900390625,-0.014054195976370698,-0.02890606572730814,-0.029482611215556953,-0.027733411828007815,-0.060636124548955284,-0.10884069336047963,-0.043750504416738,0.010530221726835487,-0.07158157564744483,-0.004699910860497258
2022,July,7142.7392578125,1398.83740234375,2544.655517578125,793.6236572265625,1455.7894287109375,287.13330078125,1142.49951171875,509.7304992675781,446.82421875,3135.0556640625,-0.03320937384533651,0.013319259704613229,0.06394648066791087,0.060058811628923126,0.15752246769009348,0.3348948123332445,0.18237234538188418,0.10804388373763119,0.0917921946837088,0.1340416331406311
2022,August,7238.9951171875,1449.457763671875,2566.31640625,865.3898315429688,1402.4783935546875,303.6667785644531,1204.9212646484375,512.5283203125,468.1914978027344,3048.89111328125,0.05463613094747122,-0.027484217192365712,0.036187451982132135,-0.036620018049901226,0.09042847155943412,0.013476042719845704,0.00851230688092941,0.05758119221357405,0.04782032431570027,0.005488824092225286
2022,September,7268.22314453125,1386.3043212890625,2601.629150390625,840.7145385742188,1327.796142578125,314.7522888183594,1086.0712890625,511.90118408203125,402.10205078125,2852.73046875,-0.09863713013697595,-0.06433835687891776,-0.043570391608257375,-0.05325019716508761,-0.02851350000814612,0.004037580751277803,0.01376008977483223,0.03650550878931047,-0.1411590072259924,-0.001223612833894494
2022,October,7078.337890625,1459.79638671875,2461.00439453125,886.2614135742188,1460.255615234375,330.38568115234375,1164.5662841796875,553.578857421875,410.20172119140625,3039.647216796875,0.07227425667880838,0.06552204987272336,0.053012938285693645,0.09975889250518466,0.05417638557463711,-0.026125402334286285,-0.05405257541731523,0.04966887577744106,0.020143320319852442,0.08141741929076107
2022,November,6659.0830078125,1568.791015625,2607.33203125,929.3699340820312,1552.658203125,322.142578125,1247.5831298828125,581.21923828125,436.68719482421875,3227.7958984375,0.07128563382856434,0.061898196804197836,0.07466426818005911,0.06327836505240492,0.048640863573152116,-0.059230696427728824,0.05945850281450693,-0.02494994032003095,0.06456694905103522,0.049930340526554096
2022,December,6514.6748046875,1588.00537109375,2487.570068359375,868.8521118164062,1432.287841796875,314.1363830566406,1163.469970703125,592.07275390625,385.5548400878906,3100.142333984375,-0.067420885362235,-0.039548214468863696,0.012247874495313171,-0.07752534401058664,-0.06511704332828505,-0.021685899238015005,-0.0459327624772089,-0.02485295521926556,-0.11709149098569427,0.018673703329393332
2023,January,5832.21484375,1563.9630126953125,2502.819091796875,811.3578491210938,1456.552001953125,333.8439636230469,1075.154541015625,533.9942016601562,449.30877685546875,3262.004150390625,-0.07590692661721898,0.05221109193338913,-0.015139972972432858,0.016940840694290582,-0.06617266841317337,-0.10475733346604654,0.006130088004941081,0.0627357467309122,0.16535633881043976,-0.09809360735300787
2023,February,6055.83740234375,1560.1593017578125,2390.05029296875,833.7411499023438,1412.6773681640625,362.5439147949219,1060.85791015625,504.3761291503906,418.1026611328125,3217.474365234375,-0.013297279892311997,-0.013651051042015805,-0.0024320977584659786,-0.03012225703595206,0.02758745824114084,0.038342647619264536,-0.045056711928453286,0.0859681596767794,-0.06945360814238999,-0.055465157519847264
2023,March,5565.046875,1569.864013671875,2486.89013671875,855.5879516601562,1356.0771484375,369.0883483886719,1064.7403564453125,505.2926330566406,418.2020263671875,3113.603515625,0.0036597231843147338,-0.03228334955259504,0.006220333976875603,-0.04006592092582406,0.02620333872254177,-0.08104420491108344,0.040517910453554684,0.018051423087467766,0.00023765750283866183,0.0018171040485079892
2023,April,6222.29052734375,1645.9893798828125,2386.796630859375,894.9904174804688,1189.6954345703125,409.55816650390625,1105.597900390625,557.9202270507812,481.95599365234375,3126.569091796875,0.03837324630177208,0.004164170584600724,0.048491694534026575,-0.12269339842419436,0.04605308635290761,0.11810208738695493,-0.04024846308306984,0.10964805118317433,0.15244777228597006,0.10415270390107056
2023,May,6925.5078125,1589.1494140625,2591.01416015625,925.7125854492188,1251.9461669921875,431.4000549316406,1128.1619873046875,570.2864379882812,523.0506591796875,3194.796630859375,0.020408945156363156,0.021821855541752644,-0.03453240131133728,0.05232493175394781,0.03432681218558464,0.11301582304233038,0.08556134471471322,0.05333036968639249,0.0852664269530532,0.022164837082299327
2023,June,7124.83251953125,1678.4796142578125,2622.5556640625,911.5217895507812,1285.3272705078125,437.3069763183594,1164.863037109375,563.4019165039062,591.8731689453125,3231.031982421875,0.03253171992824422,0.011341990038581162,0.05621258731546752,0.026663369716465768,-0.015329591626488615,0.0287812406581196,0.012173420119150569,0.013692444679115123,0.13157905177590434,-0.012072041391446242
2023,July,7263.83447265625,1628.955810546875,2507.641845703125,973.64892578125,1304.768310546875,450.96075439453125,1261.5458984375,609.9710083007812,642.31787109375,3356.36572265625,0.08299933833255202,0.03879062197967742,-0.029505156506077546,0.015125361832073914,0.06815759858147374,0.019509504643646647,-0.04381749448984673,0.03122241083625421,0.0852289051019619,0.08265696376372222
2023,August,7127.220703125,1550.2801513671875,2453.049072265625,950.5667724609375,1381.5220947265625,425.78363037109375,1195.3582763671875,552.0916137695312,599.1510620117188,3292.94580078125,-0.05246548869311041,-0.018895414598862348,-0.0482982157467331,0.058825604177585644,-0.023706854400102673,-0.018807390235214605,-0.02177056246331399,-0.055829966971828404,-0.06720474553903666,-0.09488876314382022
2023,September,7771.73486328125,1505.738525390625,2414.41796875,943.7752685546875,1381.5220947265625,430.3348693847656,1164.5679931640625,588.6780395507812,628.26123046875,3461.477783203125,-0.02575820472561563,0.05117970128202254,-0.02873133990477872,0.0,-0.007144688940333266,0.0904299427508477,-0.01574819841657127,0.010689088750793996,0.0485856911599063,0.06626875842479807
2023,October,7455.2236328125,1456.609375,2432.435791015625,907.5371704101562,1334.0377197265625,414.8412780761719,1136.211181640625,556.2223510742188,626.7160034179688,3313.219482421875,-0.024349640115381987,-0.042830926577277384,-0.03262794274183811,-0.03437105724277134,-0.03839695672469445,-0.04072594292481024,0.007462594504692666,-0.036003569338325714,-0.0024595295330070988,-0.05513317347684543
2023,November,7086.32568359375,1537.8006591796875,2510.990478515625,926.9699096679688,1418.609375,422.0070495605469,1180.6832275390625,555.435546875,704.226806640625,3430.1103515625,0.039140651506546886,0.03528014662499235,0.05573991598103478,0.06339525039124982,0.02141260974360981,-0.0494818086469101,0.03229466027023098,0.017273525714717408,0.12367771494573243,-0.0014145497707871435
2023,December,7291.1474609375,1686.223876953125,2627.78271484375,988.0936889648438,1504.156005859375,447.47467041015625,1283.7313232421875,631.4606323242188,777.550537109375,3730.869384765625,0.08727835993563793,0.08768202838317496,0.09651655231609224,0.06030316193235019,0.0659393348795636,0.028903805228420953,0.046512417043161,0.06034880430582823,0.10411948221415535,0.13687472088697294
